rank,label,email,tiandeID,tiandeRegDate,sponsorID,orders,revenueWithVat,averageOrderValue,lastOrderAt,city,firm,ico,sampleOrderLabel
1,Miluše Dubská,milusedubska@seznam.cz,15363207,2026-01-09T00:00:00+01:00,13210459,21,43596.75,2076.04,2026-05-01T14:58:43+02:00,Bystřice,,,Miluše Dubská
2,Jitka Doležalová,doletka2@seznam.cz,15364641,2026-01-11T00:00:00+01:00,13209843,10,31382.0,3138.2,2026-05-04T22:26:36+02:00,Velké Meziříčí,,,Jitka Doležalová
3,Gabriela Makarová,gabcag@seznam.cz,15369104,2026-01-19T00:00:00+01:00,13210459,12,31207.0,2600.58,2026-04-28T21:15:32+02:00,Ostrava,,,Gabriela Makarová
4,Gabriela Bohuslavova,g.bohuslavova@seznam.cz,15362946,2026-01-09T00:00:00+01:00,13267366,8,29239.0,3654.88,2026-05-04T17:41:09+02:00,Sadov,,,Gabriela Bohuslavová
5,Stanislava Slámová,slamova77@email.cz,15385130,2026-02-12T00:00:00+01:00,13285739,20,25656.0,1282.8,2026-05-04T04:21:01+02:00,Vimperk,,,Stanislava Slámová
6,Květa Polášková,kvetauo@seznam.cz,15363940,2026-01-10T00:00:00+01:00,15277943,10,21771.0,2177.1,2026-05-04T20:57:32+02:00,Ústí nad Orlicí,,,Květa Polášková
7,Lenka Hladíková,lenka.hladikova@seznam.cz,15363248,2026-01-09T00:00:00+01:00,13223899,11,21213.0,1928.45,2026-05-04T08:43:00+02:00,Rodvínov,Zemědělské družstvo Rodvínov,00110701,Zemědělské družstvo Rodvínov (Lenka Hladíková)
8,Lucie Pukačová,pukacova.lucie@seznam.cz,15393157,2026-03-07T00:00:00+01:00,15362907,7,20933.0,2990.43,2026-03-24T20:29:36+01:00,Praha,Z-BOX,,Z-BOX (Lucie Pukačová)
9,Zora Kabaštová,zora.kabastova@gmail.com,15364078,2026-01-10T00:00:00+01:00,13209843,6,20538.0,3423.0,2026-03-03T20:33:13+01:00,Krnov,rodinny dům,42983878,rodinny dům (Zora Kabaštová)
10,Helena Malá,malyvenca@seznam.cz,15363354,2026-01-09T00:00:00+01:00,13320843,11,20309.0,1846.27,2026-05-03T23:48:55+02:00,Šťáhlavy,,,Helena Malá
11,Marcela Bálková,marcela.balkova@seznam.cz,15364642,2026-01-11T00:00:00+01:00,13182252,5,19557.0,3911.4,2026-04-30T16:47:34+02:00,Krásná Lípa,,,Marcela Bálková
12,Milena Jirkalová,mjirkalova@seznam.cz,15365495,2026-01-12T00:00:00+01:00,13182252,9,19485.7,2165.08,2026-05-01T12:40:26+02:00,Praha 7,,,Milena Jirkalová
13,JANA ZÁMEČNÍKOVÁ,jana@profivita.cz,15380426,2026-02-02T00:00:00+01:00,15277943,3,19359.0,6453.0,2026-03-08T13:17:26+01:00,BRANDÝS NAD LABEM,,,JANA ZÁMEČNÍKOVÁ
14,Petra Sýkorová,petrasykora@seznam.cz,15364990,2026-01-11T00:00:00+01:00,15277943,6,18697.0,3116.17,2026-04-14T19:37:32+02:00,Vrané nad Vltavou,Proterso s.r.o.,24803081,Proterso s.r.o. (Petra Sýkorová)
15,Renata Rodrová,renata.rodrova@seznam.cz,15364546,2026-01-11T00:00:00+01:00,13650710,8,18218.0,2277.25,2026-04-26T08:05:57+02:00,Milešovice,,,Renata Rodrová
16,Marcela Rozdolska,marcik215@seznam.cz,15370476,2026-01-21T00:00:00+01:00,13210459,10,18128.0,1812.8,2026-04-14T14:42:28+02:00,Komorní Lhotka 215,Cukrárna MiniVEGA,,Cukrárna MiniVEGA (Marcela Rozdolska)
17,Nataša Bumbálková,natasa.bumbalkova@post.cz,15368039,2026-01-17T00:00:00+01:00,13208264,7,17999.0,2571.29,2026-04-14T08:43:51+02:00,Kroměříž,,,Nataša Bumbálková
18,Romana Digrínová,romanatomaskova@seznam.cz,15363911,2026-01-10T00:00:00+01:00,13650710,9,17909.0,1989.89,2026-04-23T20:33:17+02:00,Mirošovice,,,Romana Digrínová
19,Jana Prsova,sydicek.1@seznam.cz,15382865,2026-02-06T00:00:00+01:00,13285739,6,17599.0,2933.17,2026-03-24T18:38:21+01:00,Ústí nad Labem,Z-BOX,,Jana Prsova
20,Soňa Náhlíková,sonanahlikova@seznam.cz,15361971,2026-01-06T00:00:00+01:00,13818933,4,16818.0,4204.5,2026-01-29T19:09:56+01:00,Svitavy,PEM trade s.r.o.,,PEM trade s.r.o. (Soňa Náhlíková)
21,Mgr. Lea Jelínková,leontyna@seznam.cz,15381659,2026-02-03T00:00:00+01:00,13400550,9,16590.0,1843.33,2026-04-30T21:07:29+02:00,Sokolov,"musi se hlavnim vchodem, bocni nefunguje",,Mgr. Lea Jelínková
22,Vlaďka Funková,vladkafunkova@seznam.cz,15363862,2026-01-10T00:00:00+01:00,13210459,6,16328.0,2721.33,2026-04-03T19:49:09+02:00,Klatovy,,,Vlaďka Funková
23,Vladka Majerčáková,vladka.maj@seznam.cz,15362663,2026-01-08T00:00:00+01:00,13650710,6,16013.0,2668.83,2026-03-24T14:39:28+01:00,Třebíč,,,Vladka Majerčáková
24,Iveta Nováková,iveta65n@seznam.cz,15398019,2026-03-19T00:00:00+01:00,13209843,6,15898.0,2649.67,2026-05-01T19:00:33+02:00,Karviná,Z-BOX,,Z-BOX (Iveta Novakova)
25,Radoslava Jelínková,maja.rada@seznam.cz,15365431,2026-01-12T00:00:00+01:00,13206161,5,15607.0,3121.4,2026-03-20T12:29:11+01:00,Pardubice,,,Radoslava Jelínková
26,Lenka Ortová,lenka.ortova@hotmail.com,15394258,2026-03-11T00:00:00+01:00,13650710,7,15556.0,2222.29,2026-04-27T15:24:47+02:00,Záboří,,,Lenka Ortová
27,Lucie Wojnarová,wojnarova.lucie@seznam.cz,15363455,2026-01-09T00:00:00+01:00,13210459,6,15164.0,2527.33,2026-05-05T10:11:28+02:00,Třinec,,,Lucie Wojnarová
28,Pavla Plášilová,pavlaplasilova@seznam.cz,15363407,2026-01-09T00:00:00+01:00,13223899,6,15076.0,2512.67,2026-05-03T17:28:35+02:00,Studená,,,Pavla Plášilová
29,Ingrid Hermanová,inkacu@seznam.cz,15370497,2026-01-21T00:00:00+01:00,13381168,9,15059.0,1673.22,2026-04-28T08:56:44+02:00,Kostice,,,Ingrid Hermanová
30,Vlasta Navrátilová,vlasta.navratilova@gmail.com,15364007,2026-01-10T00:00:00+01:00,13210459,4,14775.0,3693.75,2026-04-14T22:39:09+02:00,Říčany,,,Vlasta Navrátilová
31,Oli Horváthová Robotková,tili120@seznam.cz,15393999,2026-03-10T00:00:00+01:00,13142795,7,14642.0,2091.71,2026-04-27T20:22:48+02:00,Ostrava,Potraviny Koblížek,,Potraviny Koblížek (Oli Horváthová Robotková)
32,Eva Straková,strakova.e@seznam.cz,15362899,2026-01-09T00:00:00+01:00,13065787,6,14497.0,2416.17,2026-04-29T11:44:05+02:00,Bystřice,,,Eva Straková
33,Barbora Svobodová,bsvobodova44@gmail.com,15363972,2026-01-10T00:00:00+01:00,13223899,4,14325.0,3581.25,2026-03-23T21:48:55+01:00,Olomouc,,,Barbora Svobodová
34,Mirka Lidaříková,l.mirka@seznam.cz,15363681,2026-01-10T00:00:00+01:00,13065787,5,14322.0,2864.4,2026-05-04T14:11:34+02:00,Chrudim,,,Mirka Lidaříková
35,Lenka Krejčí,krejci.l1@seznam.cz,15364190,2026-01-10T00:00:00+01:00,13621271,6,14174.0,2362.33,2026-04-23T09:32:55+02:00,Košťálov,,,Lenka Krejčí
36,Lucie Vřešťálová,lucka.vrestalova@seznam.cz,15400756,2026-03-26T00:00:00+01:00,13650710,4,14166.0,3541.5,2026-04-28T10:26:05+02:00,Turnov,Z-BOX,,Z-BOX (Lucie Vřešťálová)
37,Zdeňka Čermáková,czzdenka@gmail.com,15362907,2026-01-09T00:00:00+01:00,6906148,8,13952.0,1744.0,2026-04-16T07:19:35+02:00,Horní Moštěnice,Centrum Změn s.r.o.,24794937,Zdeňka Čermáková
38,Soňa Petrlová,petrlova.sona@seznam.cz,15365070,2026-01-11T00:00:00+01:00,15277943,6,13588.0,2264.67,2026-04-29T08:57:54+02:00,Hodějice,,,Soňa Petrlová
39,Dagmar Štégrová,d.stegrova@email.cz,15363684,2026-01-10T00:00:00+01:00,13182252,8,13492.0,1686.5,2026-04-15T20:21:09+02:00,Karlovy Vary,,,Dagmar Štégrová
40,ZDEŇKA BALADOVÁ,zbaladova@gmail.com,15362906,2026-01-09T00:00:00+01:00,13065787,7,13378.0,1911.14,2026-02-19T13:26:33+01:00,Suchov,COOP Jednota,,ZDEŇKA BALADOVÁ
41,Mirka Matysová,m.matysova@email.cz,15363832,2026-01-10T00:00:00+01:00,13780181,8,13241.0,1655.12,2026-04-13T07:53:19+02:00,Batelov,Z-BOX,,Mirka Matysová
42,Jana Vaňková,vankova.zskrabcice@seznam.cz,15366806,2026-01-14T00:00:00+01:00,14181663,4,13108.0,3277.0,2026-03-10T16:46:52+01:00,,,,Jana Vaňková
43,Iveta Vrátná,ivetavratna@seznam.cz,15405577,2026-04-01T00:00:00+02:00,13209843,5,12878.0,2575.6,2026-05-04T09:57:42+02:00,Svojkovice,,,Iveta Vrátná
44,Anna Michalcová,suvarova@seznam.cz,15364970,2026-01-11T00:00:00+01:00,13321348,5,12857.0,2571.4,2026-04-24T12:45:16+02:00,Choceň,,,Anna Michalcová
45,Petra Fonšová,petra.dytkova@centrum.cz,15393817,2026-03-10T00:00:00+01:00,13210459,7,12754.0,1822.0,2026-04-19T18:17:08+02:00,Třinec,Z-BOX,,Petra Fonšová
46,Naděžda Drápalová,nadadrapalova@seznam.cz,15369390,2026-01-19T00:00:00+01:00,14043001,3,12711.0,4237.0,2026-04-18T18:02:07+02:00,Biskoupky,,,Naděžda Drápalová
47,Lenka Novotná,1hexa@seznam.cz,15370680,2026-01-21T00:00:00+01:00,14181663,4,12668.0,3167.0,2026-04-15T14:31:36+02:00,,,,Lenka Novotná
48,Simona Dvořáková,simona.dvorakova76@seznam.cz,15394458,2026-03-11T00:00:00+01:00,13209843,9,12596.0,1399.56,2026-04-29T12:08:33+02:00,Třebíč,,,Simona Dvořáková
49,Edita Činčalová,edita.cincalova@seznam.cz,15365600,2026-01-12T00:00:00+01:00,13210459,6,12416.0,2069.33,2026-04-19T19:17:33+02:00,Ostrava,,,Edita Činčalová
50,Edita Vavrysová,editavavrysova@seznam.cz,15364059,2026-01-10T00:00:00+01:00,13209843,5,12204.0,2440.8,2026-05-01T07:30:16+02:00,Chropyně,,,Edita Vavrysová
