rank,recruiterLabel,recruiterEmail,recruiterTiandeId,recruiterIsB2B,recruitedCustomers
1,Rudolf Konfal,rkonfal.rk@gmail.com,13650710,False,1498
2,Michaela Krásová,krasovamichaela178@gmail.com,13823879,False,570
3,Anna Dvorská,annadvorska50@gmail.com,15277943,False,569
4,Roman Kočí,rklever@seznam.cz,13243193,False,409
5,Iveta Houšťová,houstova.iveta@seznam.cz,13285739,False,407
6,Dana Přindová,dana.prind@seznam.cz,13256691,False,343
7,Jana Bařinková,barinkova.jana@seznam.cz,13206161,False,334
8,Natalie Szmeková,nati.sz@email.cz,13210459,False,333
9,Jiří Kolinek,jirkajanakolinkova@seznam.cz,13222916,False,282
10,Monika Kantoříková,m.kantorikova@seznam.cz,13215183,False,270
11,Michaela Sovíková,misena007@seznam.cz,13213690,False,254
12,Jiřina Radová,podnikani@jirinaradova.cz,13209843,False,228
13,Katarína Vargová,Katytiande@gmail.com,13528363,False,223
14,Pavlína Macháčková,tiandepavlina@email.cz,13147369,False,222
15,Romana Pazderová,roomiceek@gmail.com,13616698,False,218
16,Pavla Magyaričová,Pavlakrajic@gmail.com,13336744,False,207
17,Alena Mikulášková,alena.24@seznam.cz,13400550,False,206
18,Šárka Knesplová,knesplova.sarka@email.cz,13402931,False,206
19,Simona Žáková,simona.zakova@email.cz,6931685,False,204
20,Jana Hanzlíková,j.pauliova@seznam.cz,13226041,False,198
21,Marie Krupková,marie@krupci.cz,13182252,False,197
22,Jana Rősslerová,rosslerova.j@gmail.com,13377219,False,192
23,Jana Jakoubková,jana.jakoubkova@gmail.com,13728494,False,179
24,Andrea Svitáková,andrea.svitakova@seznam.cz,13065787,False,178
25,Michaela Holinská,mholinska@seznam.cz,13223899,False,178
26,Michaela Tylová,tiandesmichaelou@gmail.com,13357365,False,178
27,Monika Nevečeřalová,monikatiande1970@gmail.com,13103253,False,174
28,Lenka Zelinová,zelinova.lenka@seznam.cz,13210433,False,167
29,Gabriela Novotná,gabriela_blazkova@centrum.cz,13142795,False,165
30,Marta Neumannová,m.neumannova@centrum.cz,13249874,False,159
31,Eliška Hadincová,Eliska.tiande@gmail.com,13721270,False,148
32,Hana Křížová,hannycross@gmail.com,13319892,False,148
33,Silvie Lehečková,sisicaso@gmail.com,13239659,False,145
34,Hana Netoličková,netolickovah@gmail.com,13780181,False,142
35,Markéta Vysoká,vysoka.marketa1@gmail.com,13621271,False,142
36,Marcela Šperlová,kocka33@seznam.cz,13218553,False,140
37,Ivana Rajsiglová,ivana.rajsiglova@post.cz,13123402,False,137
38,Pavla Kavinová,kavinova.pavla@seznam.cz,13320843,False,132
39,Klára Thiele Jirková,jirkova.klara@seznam.cz,13314250,False,128
40,Věra HAUEROVÁ,hauerova.vera@seznam.cz,13314257,False,125
41,Marta Bezecná,mbezecna@seznam.cz,13126219,False,124
42,Věra Václavíková,VeraVaclavikova@seznam.cz,13381168,False,124
43,Michaela Nováková,michaela.navratova@seznam.cz,13403743,False,122
44,Ľubica Ľuptáková,lubicasro@gmail.com,13321030,False,122
45,Lucie Biolková,lucie.biolkova@seznam.cz,13269574,False,121
46,Hana Lafatová,hana.lafatova@seznam.cz,13267366,False,117
47,Judita Petrželová,petrzelovajudita@email.cz,13310037,False,116
48,Anna Celengová,annacelengova@seznam.cz,13202021,False,112
49,Hana Hübschová,hanahubschova@seznam.cz,13329514,False,111
50,Alena Novotná,ala.n@seznam.cz,13373391,False,107
