rank,label,email,registeredAt,orders,revenueWithVat,averageOrderValue,lastOrderAt,city
1,Miluše Dubská,milusedubska@seznam.cz,2026-01-09T13:42:13+01:00,21,43596.75,2076.04,2026-05-01T14:58:43+02:00,Bystřice
2,Jitka Doležalová,doletka2@seznam.cz,2026-01-11T11:15:11+01:00,10,31382.0,3138.2,2026-05-04T22:26:36+02:00,Velké Meziříčí
3,Gabriela Makarová,gabcag@seznam.cz,2026-01-19T11:29:01+01:00,12,31207.0,2600.58,2026-04-28T21:15:32+02:00,Ostrava
4,Jana Šrámková,sramkova_jana@seznam.cz,2026-01-11T21:13:00+01:00,13,29427.0,2263.62,2026-04-17T21:54:43+02:00,Plzeň
5,Gabriela Bohuslavová,g.bohuslavova@seznam.cz,2026-01-09T08:34:27+01:00,8,29239.0,3654.88,2026-05-04T17:41:09+02:00,Sadov
6,Mgr. Vendula Scheichlová (Vendula Scheichlová),administrace@korostenski.com,2026-01-27T13:28:00+01:00,6,22026.0,3671.0,2026-02-26T19:45:16+01:00,Litvínovice
7,Květa Polášková,kvetauo@seznam.cz,2026-01-10T12:44:30+01:00,10,21771.0,2177.1,2026-05-04T20:57:32+02:00,Ústí nad Orlicí
8,Z-BOX (Lucie Pukačová),pukacova.lucie@seznam.cz,2026-01-08T19:05:00+01:00,7,20933.0,2990.43,2026-03-24T20:29:36+01:00,Praha
9,rodinny dům (Zora Kabaštová),zora.kabastova@gmail.com,2026-01-10T14:49:44+01:00,5,19679.0,3935.8,2026-03-03T20:33:13+01:00,Krnov
10,Marcela Bálková,marcela.balkova@seznam.cz,2026-01-11T11:16:19+01:00,5,19557.0,3911.4,2026-04-30T16:47:34+02:00,Krásná Lípa
11,JANA ZÁMEČNÍKOVÁ,jana@profivita.cz,2026-02-02T09:43:05+01:00,3,19359.0,6453.0,2026-03-08T13:17:26+01:00,BRANDÝS NAD LABEM
12,Lenka Hladíková,lenka.hladikova@seznam.cz,2026-01-09T14:44:37+01:00,10,18353.0,1835.3,2026-05-01T13:15:40+02:00,Rodvínov
13,Cukrárna MiniVEGA (Marcela Rozdolska),marcik215@seznam.cz,2026-01-11T19:49:23+01:00,10,18128.0,1812.8,2026-04-14T14:42:28+02:00,Komorní Lhotka 215
14,Romana Digrínová,romanatomaskova@seznam.cz,2026-01-10T12:25:41+01:00,9,17909.0,1989.89,2026-04-23T20:33:17+02:00,Mirošovice
15,Andrea Popelková,andrea.popelkova@seznam.cz,2026-03-06T15:35:00+01:00,6,17396.0,2899.33,2026-04-24T16:48:49+02:00,Pučery
16,PEM trade s.r.o. (Soňa Náhlíková),sonanahlikova@seznam.cz,2026-01-06T20:53:00+01:00,4,16818.0,4204.5,2026-01-29T19:09:56+01:00,Svitavy
17,Vlaďka Funková,vladkafunkova@seznam.cz,2026-01-10T11:43:18+01:00,6,16328.0,2721.33,2026-04-03T19:49:09+02:00,Klatovy
18,Z-BOX (Iveta Novakova),iveta65n@seznam.cz,2026-03-10T15:05:56+01:00,6,15898.0,2649.67,2026-05-01T19:00:33+02:00,Karviná
19,Lenka Ortová,lenka.ortova@hotmail.com,2026-03-10T15:08:52+01:00,7,15556.0,2222.29,2026-04-27T15:24:47+02:00,Záboří
20,Pavla Plášilová,pavlaplasilova@seznam.cz,2026-01-09T17:45:20+01:00,6,15076.0,2512.67,2026-05-03T17:28:35+02:00,Studená
21,Ingrid Hermanová,inkacu@seznam.cz,2026-01-09T12:16:03+01:00,9,15059.0,1673.22,2026-04-28T08:56:44+02:00,Kostice
22,Vlasta Navrátilová,vlasta.navratilova@gmail.com,2026-01-10T13:52:55+01:00,4,14775.0,3693.75,2026-04-14T22:39:09+02:00,Říčany
23,Potraviny Koblížek (Oli Horváthová Robotková),tili120@seznam.cz,2026-03-10T15:18:00+01:00,7,14642.0,2091.71,2026-04-27T20:22:48+02:00,Ostrava
24,Eva Straková,strakova.e@seznam.cz,2026-01-09T07:24:58+01:00,6,14497.0,2416.17,2026-04-29T11:44:05+02:00,Bystřice
25,Mirka Lidaříková,l.mirka@seznam.cz,2026-01-10T08:44:19+01:00,5,14322.0,2864.4,2026-05-04T14:11:34+02:00,Chrudim
26,Lenka Krejčí,krejci.l1@seznam.cz,2026-01-10T16:33:13+01:00,6,14174.0,2362.33,2026-04-23T09:32:55+02:00,Košťálov
27,Z-BOX (Lucie Vřešťálová),lucka.vrestalova@seznam.cz,2026-03-24T19:05:26+01:00,4,14166.0,3541.5,2026-04-28T10:26:05+02:00,Turnov
28,Soňa Petrlová,petrlova.sona@seznam.cz,2026-01-11T16:24:45+01:00,6,13588.0,2264.67,2026-04-29T08:57:54+02:00,Hodějice
29,Mirka Matysová,m.matysova@email.cz,2026-01-10T11:19:13+01:00,8,13241.0,1655.12,2026-04-13T07:53:19+02:00,Batelov
30,Jana Vaňková,vankova.zskrabcice@seznam.cz,2026-01-14T14:20:00+01:00,4,13108.0,3277.0,2026-03-10T16:46:52+01:00,
31,Vladimíra Kurtaničová,vladka065@seznam.cz,2026-03-10T16:55:00+01:00,3,12889.0,4296.33,2026-04-23T02:22:52+02:00,Hodonín
32,Iveta Vrátná,ivetavratna@seznam.cz,2026-03-10T15:06:12+01:00,5,12878.0,2575.6,2026-05-04T09:57:42+02:00,Svojkovice
33,Anna Michalcová,suvarova@seznam.cz,2026-01-11T15:19:48+01:00,5,12857.0,2571.4,2026-04-24T12:45:16+02:00,Choceň
34,Petra Fonšová,petra.dytkova@centrum.cz,2026-03-10T10:16:00+01:00,7,12754.0,1822.0,2026-04-19T18:17:08+02:00,Třinec
35,Naděžda Drápalová,nadadrapalova@seznam.cz,2026-01-19T15:08:17+01:00,3,12711.0,4237.0,2026-04-18T18:02:07+02:00,Biskoupky
36,Lenka Novotná,1hexa@seznam.cz,2026-01-21T14:34:00+01:00,4,12668.0,3167.0,2026-04-15T14:31:36+02:00,
37,Simona Dvořáková,simona.dvorakova76@seznam.cz,2026-03-10T15:06:00+01:00,9,12596.0,1399.56,2026-04-29T12:08:33+02:00,Třebíč
38,Edita Činčalová,edita.cincalova@seznam.cz,2026-01-11T19:48:42+01:00,6,12416.0,2069.33,2026-04-19T19:17:33+02:00,Ostrava
39,Žaneta Niemczyková,zaneta.niemczykova@seznam.cz,2026-01-10T15:43:01+01:00,5,12170.0,2434.0,2026-04-29T20:06:57+02:00,Třinec
40,Yvona Lišková,rkyvli@seznam.cz,2026-03-06T12:55:00+01:00,4,12085.0,3021.25,2026-03-17T17:12:42+01:00,Rtyně nad Bílinou
41,Jana Hejlková,janadoleckova@seznam.cz,2026-01-19T13:13:26+01:00,4,11665.0,2916.25,2026-04-25T19:36:39+02:00,Praha
42,Hana Turáková,hantur118@gmail.com,2026-01-19T14:15:51+01:00,4,11567.0,2891.75,2026-04-21T19:46:36+02:00,Praha 4
43,Jitka Michková,jitka.michkova@seznam.cz,2026-03-10T15:05:59+01:00,3,11342.0,3780.67,2026-04-14T22:11:24+02:00,Čepí
44,Eva Formánková,avefor112@centrum.cz,2026-01-20T07:14:00+01:00,4,11088.0,2772.0,2026-03-12T10:10:56+01:00,Ostrava
45,Lenka Jacková,lenkaklimentova@atlas.cz,2026-01-10T13:56:22+01:00,5,10999.0,2199.8,2026-04-21T22:20:58+02:00,Přeštice
46,TOP Drogerie (Iveta Richtarová),iveta.richtarova@seznam.cz,2026-01-05T07:42:57+01:00,6,10985.0,1830.83,2026-05-02T22:00:54+02:00,Kelč
47,Kateřina Zelinková,katy.zel@seznam.cz,2026-01-09T19:19:37+01:00,4,10784.0,2696.0,2026-04-13T21:52:58+02:00,Třinec
48,Martina Košanová,martinaa.pospisilova@seznam.cz,2026-01-11T15:15:42+01:00,7,10712.0,1530.29,2026-05-05T05:50:56+02:00,Kunžak
49,Eva Topiarzová,eva.topiarzova@starstrinec.cz,2026-01-09T10:05:09+01:00,4,10559.0,2639.75,2026-04-06T18:48:31+02:00,Třinec
50,Ivana Chudobová,chudobovai@seznam.cz,2026-03-10T15:11:58+01:00,5,10501.0,2100.2,2026-04-23T11:23:27+02:00,Ostrava
